file_name,caption
01.jpg,a white bust of a woman with curly hair
03.jpg,a white marble bust of a woman
04.jpg,a white bust of a man
10.jpg,a bust of a woman with a crown on her head
11.jpg,a white bust of a woman with her head turned to the side
12.jpg,a white bust of a man with a black background
13.jpg,a white bust of a woman with her head tilted down
14.jpg,a bust of a woman with a head of a man
18.jpg,a white marble bust of a woman
24.jpg,a white bust of a man with curly hair
25.jpg,a bust of a woman with curly hair
26.jpg,a bust of a woman with a head of a woman
27.jpg,a white bust of a woman with a tufful head
29.jpg,a statue of a woman with a head in the shape of a woman
30.jpg,a white sculpture of a woman
31.jpg,a marble bust of person
custom_001.jpg,a white bust of a woman with curly hair
custom_003.jpg,a white marble bust of a woman
custom_004.jpg,a white bust of a man
custom_010.jpg,a bust of a woman with a crown on her head
custom_011.jpg,a white bust of a woman with her head turned to the side
custom_012.jpg,a white bust of a man with a black background
custom_013.jpg,a white bust of a woman with her head tilted down
custom_014.jpg,a bust of a woman with a head of a man
custom_018.jpg,a white marble bust of a woman
custom_024.jpg,a white bust of a man with curly hair
custom_025.jpg,a bust of a woman with curly hair
custom_026.jpg,a bust of a woman with a head of a woman
custom_027.jpg,a white bust of a woman with a tufful head
custom_029.jpg,a statue of a woman with a head in the shape of a woman
custom_030.jpg,a white sculpture of a woman
custom_031.jpg,a marble bust of person
greek_plaster_000.jpg,black and white photo of a statue of a woman
greek_plaster_001.jpg,a black and white photo of two women
greek_plaster_002.jpg,a bust of a woman with a flower in her hair
greek_plaster_003.jpg,a series of portraits of ancient men
greek_plaster_004.jpg,a white bust of a man with a white hair
greek_plaster_005.jpg,a black and white image of a statue
greek_plaster_006.jpg,a piece of metal with a piece of wood in the middle
greek_plaster_007.jpg,black and white image of a buddha head
greek_plaster_008.jpg,a statue of a woman ' s head on a table
greek_plaster_009.jpg,a bust of a woman on a wooden stand
greek_plaster_010.jpg,a black and white image of a statue
greek_plaster_011.jpg,a white marble head of a woman
greek_plaster_012.jpg,a bust of a woman on a table
greek_plaster_013.jpg,a black and white image of a woman ' s face in the dark
greek_plaster_014.jpg,black and white image of a statue of a woman
greek_plaster_015.jpg,a white bust of a woman with a crown on her head stock images
greek_plaster_016.jpg,a marble bust of a roman woman
greek_plaster_017.jpg,a bust of a woman with a flower in her hair
greek_plaster_018.jpg,a statue of a woman with a head of hair
greek_plaster_019.jpg,a black and white image of a woman ' s head in the dark
greek_plaster_020.jpg,a white bust of a woman with a flowered head
greek_plaster_021.jpg,a white bust of a woman with a white dress
greek_plaster_022.jpg,a bust of a man with a white hair
greek_plaster_023.jpg,3d head of zeus
greek_plaster_024.jpg,a woman with long hair and a white shirt
greek_plaster_025.jpg,three busturis with a mirror and a lamp
greek_plaster_026.jpg,a white head with a large nose
greek_plaster_027.jpg,a bust of a roman soldier
greek_plaster_028.jpg,a stone head of a woman in the dark stock photography
greek_plaster_029.jpg,a white statue of a woman with a head in the shape of a woman
greek_plaster_030.jpg,a marble head of a young man
greek_plaster_031.jpg,black and white image of a statue of a woman
greek_plaster_032.jpg,seamless pattern of ancient symbols stock vector
greek_plaster_033.jpg,a black and white image of a statue of a woman with her eyes closed in the dark
greek_plaster_034.jpg,a statue of a woman with a head of hair
greek_plaster_035.jpg,"a man with a beard and a beard in his hands, a man with a beard and a beard in"
greek_plaster_036.jpg,ancient greek woman vector
greek_plaster_037.jpg,a white bust of a man with a flowered head
greek_plaster_038.jpg,a white marble bust of a man with a broken head
greek_plaster_039.jpg,black and white image of a woman ' s face
greek_plaster_040.jpg,a black and white photo of a tombstone
greek_plaster_041.jpg,a statue of a woman with curly hair
greek_plaster_042.jpg,a bust of a woman with curly hair
greek_plaster_043.jpg,black and white image of a statue of a woman
greek_plaster_044.jpg,black and white image of a statue of a woman
greek_plaster_045.jpg,a white bust of a woman with a flowered head
greek_plaster_046.jpg,a statue of a woman with birds on her head
greek_plaster_047.jpg,a bust of a woman with a flower in her hair
greek_plaster_048.jpg,a bust of a roman soldier
greek_plaster_049.jpg,a white bust of a woman with a white dress
greek_plaster_050.jpg,"a statue of a head of a man with a beard and a beard, in the archeological museum of the"
greek_plaster_051.jpg,a bust of a woman with a scarf around her neck
greek_plaster_052.jpg,a roman marble head of a young man
greek_plaster_053.jpg,a statue of a woman with a flower in her hair
greek_plaster_054.jpg,a white marble head of a woman
greek_plaster_055.jpg,a white marble head of a woman
greek_plaster_056.jpg,a white marble bust of a man with a broken head
greek_plaster_057.jpg,three busturis with a mirror and a lamp
greek_plaster_058.jpg,a white head with a large nose
greek_plaster_059.jpg,a white bust of a man with curly hair
greek_plaster_060.jpg,a white bust of a man with curly hair
greek_plaster_061.jpg,a bust of a bearded man with a beard and a beard
greek_plaster_062.jpg,a bust of a woman with a flower in her hair
greek_plaster_063.jpg,a bust of a woman with curly hair
greek_plaster_064.jpg,a white statue of a woman with curly hair
greek_plaster_065.jpg,a marble bust of a roman woman
greek_plaster_066.jpg,a bust of a woman with flowers on her head
greek_plaster_067.jpg,a white statue of a woman with curly hair
greek_plaster_068.jpg,a statue of a woman ' s head on a table
greek_plaster_069.jpg,a white bust of a man with a white hair
greek_plaster_070.jpg,a white bust of a man with a flowered head
greek_plaster_071.jpg,bust of the ancient greek philosopher and philosopher
greek_plaster_072.jpg,a bust of a man with a beard and a beard
greek_plaster_073.jpg,a bust of a woman on a table
greek_plaster_074.jpg,a statue of a woman with a head in her hair
greek_plaster_075.jpg,a black and white sculpture of a woman
greek_plaster_076.jpg,a bust of a woman with curly hair
greek_plaster_077.jpg,a marble head of a woman
greek_plaster_078.jpg,a bronze bust of a woman
greek_plaster_079.jpg,a bust of a man with a white hair
greek_plaster_080.jpg,"a head of a woman with a head of a man in the background, hd png"
greek_plaster_081.jpg,a white head with a large nose
greek_plaster_082.jpg,a statue of a woman with flowers on her head
greek_plaster_083.jpg,a small white object sitting on top of a table
greek_plaster_084.jpg,a woman with a castor and a castor
greek_plaster_085.jpg,"a marble bust of the greek philosopher and mathematician, in the vatican vatican vatican vatican vatican vatican vatican vatican vatican"
greek_plaster_086.jpg,a white sculpture of a person ' s head
greek_plaster_087.jpg,a black and white photo of a face
greek_plaster_088.jpg,a group of statues in the roman city of pomp
greek_plaster_089.jpg,a white sculpture of a person ' s head
greek_plaster_090.jpg,a bust of a man with a head of a man
greek_plaster_091.jpg,a sculpture of a man ' s head on display
greek_plaster_092.jpg,a piece of rock with a small hole in the middle
greek_plaster_093.jpg,two ancient masks
greek_plaster_094.jpg,three men in costumes stand on a stage
greek_plaster_095.jpg,seamless pattern with heads of ancient men stock vector
greek_plaster_096.jpg,a statue of a woman with a hat on
greek_plaster_097.jpg,a black and white vase with a face and a face
greek_plaster_098.jpg,"three heads of a man and woman, from the museum of the city of cordoba, spain - stock photo"
greek_plaster_099.jpg,three different angles of a head with a grid pattern
greek_plaster_100.jpg,a drawing of a man ' s face
greek_plaster_101.jpg,head of a young woman
greek_plaster_102.jpg,"two men in medieval clothing, one holding a staff and the other holding a staff - stock image"
greek_plaster_103.jpg,a group of statues in the british museum
greek_plaster_104.jpg,a woman holding a dough dough dough
greek_plaster_105.jpg,a black and white photo of a man ' s face
greek_plaster_106.jpg,a woman with cruts walking with cruts
greek_plaster_107.jpg,"a stone head on a wall in a building in the city of london, england - stock image"
greek_plaster_108.jpg,a white sculpture of a man on a table
greek_plaster_109.jpg,figure 9 the short arm cast
greek_plaster_110.jpg,a white bust of a woman with a flower crown
greek_plaster_111.jpg,a white sculpture of a man with a beard
greek_plaster_112.jpg,a person is putting a mask on their face
greek_plaster_113.jpg,a white marble bust of a woman with curly hair
greek_plaster_114.jpg,"a hand with bandages on it, showing the bandage on the wrist - stock image"
greek_plaster_115.jpg,"three women in a line drawing, one is holding a knife and the other is holding a knife"
greek_plaster_116.jpg,a woman with a white face covered in a white blanket
greek_plaster_117.jpg,a small white object sitting on top of a table
greek_plaster_118.jpg,a white sculpture of a man on a table
greek_plaster_119.jpg,a pair of marble busts of the roman emperor augustus and his wife
greek_plaster_120.jpg,a white plaster bust of a man with a beard and a beard
greek_plaster_121.jpg,a woman is putting a towel on a man ' s head
greek_plaster_122.jpg,seam of busts of the ancient greek people royalty illustration
greek_plaster_123.jpg,a group of women in ancient costumes
greek_plaster_124.jpg,a white piece of paper sitting on a table
greek_plaster_125.jpg,"two photographs of a woman ' s feet, one showing her feet and the other showing her feet - stock"
greek_plaster_126.jpg,a black and white photo of a woman in a living room
greek_plaster_127.jpg,a statue of a woman with curly hair
greek_plaster_128.jpg,a statue of a man with a beard and a beard
greek_plaster_129.jpg,a statue of a woman with a head in her hands
greek_plaster_130.jpg,a white bench with a wooden seat on it
greek_plaster_131.jpg,a black and white photo of a woman ' s face
greek_plaster_132.jpg,a statue of a woman ' s head on a table
greek_plaster_133.jpg,a bust of a man with a beard and a cap
greek_plaster_134.jpg,a bust of a man with a beard and mustache
greek_plaster_135.jpg,a bust of a bearded man with a beard and a beard
greek_plaster_136.jpg,silhouette of a woman head profile
greek_plaster_137.jpg,a white marble bust of a woman with curly hair
greek_plaster_138.jpg,a white marble bust of a man with a broken head
greek_plaster_139.jpg,seamless pattern of ancient symbols stock vector
greek_plaster_140.jpg,a white bust of a man with a flowered head
greek_plaster_141.jpg,a bust of a woman with a flower in her hair
greek_plaster_142.jpg,a bust of a bearded man with a beard and a beard
greek_plaster_143.jpg,a black and white drawing of a cat on a wall
greek_plaster_144.jpg,a statue of a man with a beard
greek_plaster_145.jpg,"a marble bust of the roman emperor person, a roman emperor who was the first emperor of the roman empire stock photography"
greek_plaster_146.jpg,a black and white photo of a woman ' s face
greek_plaster_147.jpg,a black and white photo of a woman ' s face on a table
greek_plaster_148.jpg,a white bust of a woman with a white dress
greek_plaster_149.jpg,a piece of metal with a piece of wood in the middle
greek_plaster_150.jpg,a black and white drawing of a woman ' s torso
greek_plaster_151.jpg,a white marble head of a woman
greek_plaster_152.jpg,a black and white photo of a woman ' s face on a table
greek_plaster_153.jpg,a marble head of a woman
greek_plaster_154.jpg,a bust of a woman on a table
greek_plaster_155.jpg,a bust of a woman with curly hair
greek_plaster_156.jpg,a pair of black cast busts
greek_plaster_157.jpg,a white head with a large nose
greek_plaster_158.jpg,a marble bust of a roman woman
greek_plaster_159.jpg,a white marble bust of a roman emperor on a black background
greek_plaster_160.jpg,a black and white photo of a woman in a living room
greek_plaster_161.jpg,santa claus stock vector illustration of santa claus
greek_plaster_162.jpg,a bust of a man with a white hair
greek_plaster_163.jpg,a white marble head with a black and white marble head
greek_plaster_164.jpg,a white head with a large nose
greek_plaster_165.jpg,a white bust of a woman with a flowered head
greek_plaster_166.jpg,bust of the ancient greek philosopher and philosopher
greek_plaster_167.jpg,a statue of a man with a beard
greek_plaster_168.jpg,a white bust of a man with a white hair
greek_plaster_169.jpg,a white bust of a man with a beard and a hat
greek_plaster_170.jpg,a man with glasses and a headphones on his head
greek_plaster_171.jpg,three busturis with a mirror and a lamp
greek_plaster_172.jpg,a statue of a woman with flowers on her head
greek_plaster_173.jpg,a marble head of a young man
greek_plaster_174.jpg,a white statue of a woman with curly hair
greek_plaster_175.jpg,three busturis in a white room
greek_plaster_176.jpg,a bust of a woman with a flower in her hair
greek_plaster_177.jpg,a collection of black and white illustrations
greek_plaster_178.jpg,a white bust of a woman with curly hair
greek_plaster_179.jpg,a white bust of a woman with a flowered head
greek_plaster_180.jpg,"a head of a woman with a head of a man in the background, hd png"
greek_plaster_181.jpg,a marble head of a woman
greek_plaster_182.jpg,a white bust of a man with a white hair
greek_plaster_183.jpg,a bust of a woman on a table
greek_plaster_184.jpg,a marble head of a woman
greek_plaster_185.jpg,a white head with a large nose
greek_plaster_186.jpg,a white plaster bust of a bearded man
greek_plaster_187.jpg,a statue of a woman with a head of hair
greek_plaster_188.jpg,a statue of a woman ' s head on a table
greek_plaster_189.jpg,a roman marble head of a young man
greek_plaster_190.jpg,a white statue of a woman with curly hair
greek_plaster_191.jpg,a white vase sitting on top of a wooden table
greek_plaster_192.jpg,a marble head of a young man
greek_plaster_193.jpg,a white head with a large nose
greek_plaster_194.jpg,a white bust of a woman with a white dress
greek_plaster_195.jpg,a bust of a bearded man with a beard and a beard
greek_plaster_196.jpg,a sculpture of a head on a wooden block
greek_plaster_197.jpg,a white bust of a man with a head in the shape of a man
greek_plaster_198.jpg,a white marble head of a woman
greek_plaster_199.jpg,a piece of metal with a piece of wood in the middle
greek_plaster_200.jpg,a white marble bust of a roman emperor
greek_plaster_201.jpg,a white bust of a man with a white hair
greek_plaster_202.jpg,a white bust of a man with a flowered head
greek_plaster_203.jpg,a white bust of a man with curly hair
greek_plaster_204.jpg,a marble bust of a roman woman
greek_plaster_205.jpg,a white bench with a wooden seat on it
greek_plaster_206.jpg,a bust of a woman with curly hair
greek_plaster_207.jpg,a bust of a man with a beard and a beard
greek_plaster_208.jpg,a white marble head with a black and white marble head
greek_plaster_209.jpg,a white marble bust of a man with a broken head
greek_plaster_210.jpg,a statue of a roman soldier
greek_plaster_211.jpg,a statue of a woman with a head in her hands
greek_plaster_212.jpg,a white marble head of a woman
greek_plaster_213.jpg,a white bust of a woman with a flowered head
greek_plaster_214.jpg,a white marble head of a woman
greek_plaster_215.jpg,three busturis with a mirror and a lamp
greek_plaster_216.jpg,a bust of a woman with curly hair
greek_plaster_217.jpg,a statue of a woman on a table
greek_plaster_218.jpg,a marble bust of a bearded man
greek_plaster_219.jpg,a statue of a woman with curly hair
greek_plaster_220.jpg,a bust of a woman with a flower in her hair
greek_plaster_221.jpg,a bust of a man with a hat on
greek_plaster_222.jpg,a bust of a man with a beard and a beard
greek_plaster_223.jpg,a white marble head of a woman
greek_plaster_224.jpg,a white marble bust of a man with a broken head
greek_plaster_225.jpg,a bust of a man with a beard and a beard
greek_plaster_226.jpg,a bust of a bearded man with a beard and a beard
greek_plaster_227.jpg,a white bust of a man with a flower in his hair
greek_plaster_228.jpg,a marble bust of a roman woman
greek_plaster_229.jpg,a white marble bust of a woman with curly hair
greek_plaster_230.jpg,a bust of a bearded man with a beard and a beard
greek_plaster_231.jpg,a white bust of a man with curly hair
greek_plaster_232.jpg,a white statue of a woman with curly hair
greek_plaster_233.jpg,a white head with a large nose
greek_plaster_234.jpg,bust of a woman
greek_plaster_235.jpg,a statue of a woman in a room
greek_plaster_236.jpg,a black and white photo of a bust of a woman
greek_plaster_237.jpg,three busturis with a mirror and a lamp
greek_plaster_238.jpg,a bust of a man with curly hair
greek_plaster_239.jpg,a black and white photo of a tombstone
greek_plaster_240.jpg,a statue of a woman with a flower in her hair
greek_plaster_241.jpg,a bronze head of a man with a beard
greek_plaster_242.jpg,a man standing next to a bust of a man
greek_plaster_243.jpg,a statue of a man with curly hair
greek_plaster_244.jpg,seamless pattern of ancient symbols stock vector
greek_plaster_245.jpg,a white plaster bust of a bearded man
greek_plaster_246.jpg,a white bench with a wooden seat on it
greek_plaster_247.jpg,a statue of a woman with a head of hair
greek_plaster_248.jpg,a white bust of a woman with a black base
greek_plaster_249.jpg,a black and white bust of a man
greek_plaster_250.jpg,a statue of a man with curly hair
greek_plaster_251.jpg,a statue of a woman with curly hair
greek_plaster_252.jpg,a white bust of a woman with a white dress
greek_plaster_253.jpg,a bust of a woman with curly hair
greek_plaster_254.jpg,a bust of a woman with curly hair
greek_plaster_255.jpg,a bust of a man with curly hair
greek_plaster_256.jpg,a white marble bust of a bearded man
greek_plaster_257.jpg,a sculpture of a head with a hat on it
greek_plaster_258.jpg,a bust of a woman on a table
greek_plaster_259.jpg,a piece of metal with a piece of wood in the middle
greek_plaster_260.jpg,a white bust of a man with a flowered head
greek_plaster_261.jpg,a statue of a woman on a table
greek_plaster_262.jpg,a statue of the greek god holding a sword
greek_plaster_263.jpg,a bust of a man with a white hair
greek_plaster_264.jpg,a roman bronze head of a bearded
greek_plaster_265.jpg,a white bust of a man with a white hair
greek_plaster_266.jpg,a bust of a bearded man with a beard
greek_plaster_267.jpg,a marble bust of a roman woman
greek_plaster_268.jpg,a marble head of a young man
greek_plaster_269.jpg,a bust of a woman with curly hair
greek_plaster_270.jpg,a white bust of a man with curly hair
greek_plaster_271.jpg,bust of the roman emperor augustus
greek_plaster_272.jpg,a white bust of a man with curly hair
greek_plaster_273.jpg,a white bust of a man with a flowered head
greek_plaster_274.jpg,a bust of a woman with a flower in her hair
greek_plaster_275.jpg,a white marble bust of a woman
greek_plaster_276.jpg,a white head with a large nose
greek_plaster_277.jpg,a white marble statue of a man with a large head
greek_plaster_278.jpg,a bust of a woman with a flower in her hair
greek_plaster_279.jpg,a white marble head of a woman
greek_plaster_280.jpg,a white bust of a woman with a flowered head
greek_plaster_281.jpg,a white marble bust of a woman with curly hair
greek_plaster_282.jpg,a black and white photograph of a bust of a woman
greek_plaster_283.jpg,a bronze bust of a man with a beard
greek_plaster_284.jpg,a bust of a bearded man with a beard and a beard
greek_plaster_285.jpg,a white bust bust of a man with a scarf on his head
greek_plaster_286.jpg,a white marble bust of a bearded man
greek_plaster_287.jpg,a white marble bust of a man with a broken head
greek_plaster_288.jpg,a marble head of a young man
greek_plaster_289.jpg,a pair of black cast busts
greek_plaster_290.jpg,a white marble bust of a roman man
greek_plaster_291.jpg,a white marble head of a woman
greek_plaster_292.jpg,a bust of a woman with a flowered head
greek_plaster_293.jpg,a black and white sculpture of a woman
greek_plaster_294.jpg,a bust of a woman with a flower in her hair
greek_plaster_295.jpg,a roman marble head of a young man
greek_plaster_296.jpg,a bust of a woman with a flower in her hair
greek_plaster_297.jpg,a marble bust of a man with a cap on his head
greek_plaster_298.jpg,a statue of a man with curly hair
greek_plaster_299.jpg,a bust of a man with a beard and a beard
